{"cameraMode":{"drawMode":0,"name":"Shaded","section":"Shading Mode"},"sceneLighting":true,"audioPlay":false,"sceneViewState":{"m_AlwaysRefresh":false,"showFog":true,"showSkybox":true,"showFlares":true,"showImageEffects":true,"showParticleSystems":true,"showVisualEffectGraphs":true,"m_FxEnabled":true},"in2DMode":false,"pivot":{"x":1033.27978515625,"y":781.9743041992188,"z":372.53887939453127},"rotation":{"x":-0.05787702649831772,"y":0.006585201248526573,"z":-0.00038871332071721554,"w":-0.9983145594596863},"size":560.90869140625,"orthographic":false}