{"cameraMode":{"drawMode":0,"name":"Shaded","section":"Shading Mode"},"sceneLighting":false,"audioPlay":false,"sceneViewState":{"m_AlwaysRefresh":false,"showFog":true,"showSkybox":false,"showFlares":true,"showImageEffects":true,"showParticleSystems":true,"showVisualEffectGraphs":true,"m_FxEnabled":true},"in2DMode":false,"pivot":{"x":1.8960660696029664,"y":3.5805578231811525,"z":-3.787479877471924},"rotation":{"x":-0.41102248430252077,"y":0.011483405716717244,"z":-0.00517874164506793,"w":-0.9115427136421204},"size":0.866025447845459,"orthographic":false}